Hotel_Names,Distance,Address,City,Ratings,Votes,Prices,Features
OYO Flagship 704007 Hotel Ashoka Classic,0.4,Hyderabad,Hyderabad,4.1,35,626, Elevator  Geyser  Power backup  
OYO Flagship 80484 Simra Relax Inn,4.1,Hyderabad,Hyderabad,4.6,37,626, Geyser  Power backup  AC  
OYO 14669 Mayur's Residency,2.4,"Near Sri Krupa Market, Malakpet",Hyderabad,4,1014,614, Free Wi-Fi  AC  AC  
OYO 88286 Hotel Padmini,3.4,Lakdikapul,Hyderabad,3.7,245,814, Hair Dryer  Reception  Power backup  
OYO SilverKey 74144 Himayat Nagar Circle,1.3,Narayanguda,Hyderabad,3.6,2202,936, Private entrance  Hair Dryer  Reception  
OYO Townhouse 600 Gangothri,5.7,Near RP Road BUS STOP,Hyderabad,4.4,3179,1300, Private entrance  Parking facility  Reception  
OYO Flagship 80454 Hotel Elite Stay,8.4,Telangana,Hyderabad,4.2,44,626, Geyser  Power backup  AC  
OYO 49253 Raja Residency,3.7,"Near Raja Deluxe Complex, Musheerabad",Hyderabad,4.2,3862,918, Private entrance  Parking facility  Reception  
OYO 24204 Nav Bharath Residency,1,"Near Central Gurudwara Saheb, Gowliguda",Hyderabad,4.3,1506,936, Reception  Free Wi-Fi  Power backup  
OYO 91284 Ambica Lodge,5.5,Punjagutta,Hyderabad,3.5,179,931, Parking facility  Free Wi-Fi  Geyser  
OYO 40852 Hotel White Ridge,4.6,"Near Dilsukhnagar metro station, Krishna Nagar.",Hyderabad,4.3,2134,868, Parking facility  Reception  Free Wi-Fi  
OYO Townhouse White Ridge 112 Shivam Road,2.7,New Nallakunta,Hyderabad,4.1,2573,1490, Parking facility  Reception  Free Wi-Fi  
Capital O 9796 Hotel Alekhya Residency,3.3,"Near Global Hospital, Saifabad",Hyderabad,4,810,1062, Free Wi-Fi  CCTV cameras  Power backup  
OYO 70927 Hotel Hyderabad Continental,0.7,"Near Tarakarama Theatre, Sultan Bazar",Hyderabad,3.8,1519,1345, TV  King Sized Bed  Dress Hanger  
Flagship 77043 Malkajgiri,8.8,Malkajgiri,Hyderabad,4.2,3156,546, Parking facility  Reception  Free Wi-Fi  
OYO 16428 Hotel Vaishnavi Inn,5.4,Secunderabad,Hyderabad,4.2,2284,874, Free Wi-Fi  Power backup  Card payment  
OYO 6651 Hotel Srujana Stay Inn,2,Nampally,Hyderabad,4,1426,1032, Elevator  Free Wi-Fi  Geyser  
OYO 79037 Metro Lodge,3,Charminar,Hyderabad,3.6,326,562, Wakeup service  Free Wi-Fi  Caretaker  
Capital O 44585 Sri Suprabhat Grand,0.8,Nera Venkataramana Theater,Hyderabad,4,483,1231, Parking facility  Reception  Free Wi-Fi  
Capital O 15959 The City Park,1.5,"Near The City Park, Chirag AlicLane",Hyderabad,3.8,1297,1158, Reception  Free Wi-Fi  Power backup  
OYO 68404 Sa Thirumala Residency,2.2,"Near VRK Silks, Himayatnagar",Hyderabad,3.8,579,721, Reception  Security  24/7 check-in  
SPOT ON 80459 Deccan Residency,5.1,Punjagutta,Hyderabad,2,11,444, AC  TV 
OYO Flagship 805121 Royal Galaxy Lodge,1.7,India - 500012,Hyderabad,0,876,823, AC  TV 
Capital O 11079 Hotel Prestige,6.3,"Centrally Located, Near Sun Shine Hospital, Paradise Road",Hyderabad,4.4,4229,1580, Parking facility  Elevator  Free Wi-Fi  
OYO 16428 Hotel Vaishnavi Inn,5.4,Secunderabad,Hyderabad,4.2,2284,874, Free Wi-Fi  Power backup  Card payment  
SPOT ON 75815 Hotel Kanha Residency,3.1,India,Hyderabad,3.8,141,816, Reception  Onsen/Hot Spring  Geyser  
Flagship 49255 Hotel New Simran Palace,6.4,Near Paradise Circle,Hyderabad,3.2,152,550, Reception  Power backup  Daily housekeeping  
OYO 88286 Hotel Padmini,3.4,Lakdikapul,Hyderabad,3.7,245,814, Hair Dryer  Reception  Power backup  
Flagship 77043 Malkajgiri,8.8,Malkajgiri,Hyderabad,4.2,3156,546, Parking facility  Reception  Free Wi-Fi  
OYO 13300 Hotel New Platinum,3.1,"Saleemnagar Colony, Malakpet",Hyderabad,3.3,190,856, Free Wi-Fi  Power backup  Full Sized Bed  
Townhouse OAK Hotel Belsons Taj Mahal,6.4,"Near Swapnalok Complex, Patny Centre",Hyderabad,4.4,565,1647, Doctor on call  Reception  Power backup  
Capital O 44585 Sri Suprabhat Grand,0.8,Nera Venkataramana Theater,Hyderabad,4,483,1231, Parking facility  Reception  Free Wi-Fi  
OYO 82310 Holiday Inn,6.6,Telangana,Hyderabad,4.1,744,546, Doctor on call  Parking facility  Reception  
OYO Flagship 80444 Hrr Hotels,6.4,secunderabad-500003,Hyderabad,2.2,14,626, Elevator  Geyser  Power backup  
OYO 10139 Hotel Palak Residency,9.9,"Metro Pillar no: A947, 2nd Floor, Beside Erragadda Metro Station, Above Bajaj Showroom",Hyderabad,4,2210,886, Elevator  Free Wi-Fi  Geyser  
OYO Townhouse RCC Majestic 397 LB Nagar,6.1,Champapet,Hyderabad,4.7,3516,2199, Parking facility  Free Wi-Fi  AC  
OYO 82030 Hotel Happy Rooms,6.4,Secundrabad,Hyderabad,3.3,61,618, Reception  Public washroom  Free Wi-Fi  
OYO Townhouse 81794 Banjara Hills,4.3,Masab Tank,Hyderabad,3.8,1113,1049, Modern wardrobe  Modern wardrobe  AC  
OYO 70927 Hotel Hyderabad Continental,0.7,"Near Tarakarama Theatre, Sultan Bazar",Hyderabad,3.8,1519,1345, TV  King Sized Bed  Dress Hanger  
OYO 84232 Hotel Lavish Stay,7.8,"LB Nagar Siris Road, St.Alphonsa Grammar School Kaman,Above Bhuvesh Hospital,Hyderabad,500074",Hyderabad,3.6,287,562, Reception  Geyser  CCTV cameras  
OYO 89644 Hotel R Square,6.2,Balapur,Hyderabad,4.2,143,682, Reception  Caretaker  Bedside Table / Desk  
Flagship 65280 Hotel Nandini,8,"Near Sri Nagar Colony, Krishna Nagar",Hyderabad,3.2,286,550, Parking facility  Reception  Free Wi-Fi  
SPOT ON 804524 Sri Sai Lohith Lodge,6.1,Red Cross Road,Hyderabad,2.8,43,566, Geyser  Power backup  AC  
SPOT ON 82436 Gopi Mini Guest House,9.7,Erragadda,Hyderabad,4.3,101,691, Parking facility  Free Wi-Fi  Power backup  
OYO Flagship 80454 Hotel Elite Stay,8.4,Telangana,Hyderabad,4.2,44,626, Geyser  Power backup  AC  
OYO 84238 Hotel Ragas Elite,8.2,500068,Hyderabad,3.7,138,614, Reception  Geyser  Daily housekeeping  
Flagship 67479 Alpine Glow Zenith,8,"Near Malani Colony, Bowenpally",Hyderabad,4.2,1769,1040, Reception  Free Wi-Fi  Power backup  
Capital O 15959 The City Park,1.5,"Near The City Park, Chirag AlicLane",Hyderabad,3.8,1297,1158, Reception  Free Wi-Fi  Power backup  
OYO Home 79961 Comfortable Stays,4,Karan Bagh,Hyderabad,3.9,858,978, Free Wi-Fi  AC  TV  
OYO 91089 Hotel Aman International,9,India - 500005,Hyderabad,3,42,621, Parking facility  Reception  Bedside Table / Desk  
OYO 30665 Sruan Inn,9.7,Abhyudaya Nagar,Hyderabad,3.4,70,614, Parking facility  Reception  Free Wi-Fi  
Capital O 23543 Hotel Vaishnavi,6.1,"Near Csi Wesley Church, Paras Towers",Hyderabad,4.2,1608,1434, Reception  Free Wi-Fi  24/7 check-in  
OYO SilverKey 74144 Himayat Nagar Circle,1.3,Narayanguda,Hyderabad,3.6,2202,936, Private entrance  Hair Dryer  Reception  
SPOT ON 80705 Balaji Residency,5.5,Khairatabad,Hyderabad,3.6,1003,984, AC  TV 
OYO 91495 Hotel Vijay Laxmi Residency,9.8,Erragadda Metro Station,Hyderabad,4,564,626, Parking facility  Reception  Ticket tour assistance  
OYO 61506 Sai Residency,8.7,"Near Sr nagar metro station, Jawahar Nagar",Hyderabad,3.5,615,640, Reception  Free Wi-Fi  Geyser  
OYO Townhouse 113 The Shubham Dilsukhnaga,5.2,Kothapet,Hyderabad,3.5,1257,950, Free Wi-Fi  AC  TV 
OYO Townhouse 164 ESI Hospital,8.8,Sanath Nagar,Hyderabad,4.5,4565,2025, Private entrance  Reception  Free Wi-Fi  
OYO 87972 City Holiday,4.5,Rangareddy,Hyderabad,4.1,956,1049, Parking facility  Reception  Free Wi-Fi  
Flagship 75711 Kachiguda Railway Station,1.1,"Near Kumar Theatre, Kachiguda",Hyderabad,3.5,873,1242, Living Room  Reception  Washing Machine  
OYO Townhouse White Ridge 112 Shivam Road,2.7,New Nallakunta,Hyderabad,4.1,2573,1490, Parking facility  Reception  Free Wi-Fi  
Collection O 3169 Hotel Lotus Grand,5.8,Secunderabad,Hyderabad,3.9,2153,1136, Parking facility  Free Wi-Fi  Power backup  
Capital O 65104 Che Sigma Hotel,8.6,"Near Narayana High School, Chinthalkunta",Hyderabad,3.8,2132,1032, Parking facility  Reception  Free Wi-Fi  
OYO Townhouse 196 De Alphabet,4.9,"Near Sai Baba Temple, Gudimalkapur",Hyderabad,4.2,3372,1447, Parking facility  Reception  Free Wi-Fi  
Flagship 76655 Goldhorn Hotels Mehdipatnam,5.3,Mehdipatnam,Hyderabad,4.2,1948,924, Living Room  Cot  Washing Machine  
OYO 37427 Hotel Shannu Grand,8.9,"Near Apollo Pharmacy, Secunderabad",Hyderabad,4,1317,965, Parking facility  Reception  Free Wi-Fi  
Flagship 75519 White Ridge,6.6,"Near Sai Sanjeevani Hospital, Huda Colony",Hyderabad,4,2048,999, Private entrance  Parking facility  Reception  
Collection O 81203 Shining Suites,10,Near Erragadda Metro,Hyderabad,3.5,421,702, Free Wi-Fi  Geyser  Daily housekeeping  
Capital O 10225 Wild Wings Hotel,6,"Laxmi Nagar Colony, Kothapet",Hyderabad,4,827,1314, Parking facility  Free Wi-Fi  Power backup  
OYO 14726 Hotel Vaishnavi Park,5.8,"Near Monda Market, Shivaji Nagar",Hyderabad,3.7,1582,1015, Elevator  Free Wi-Fi  Geyser  
OYO 91284 Ambica Lodge,5.5,Punjagutta,Hyderabad,3.5,179,931, Parking facility  Free Wi-Fi  Geyser  
OYO 89107 Royal Stay,8.3,Ranga Reddy,Hyderabad,4.4,442,834, Reception  Free Wi-Fi  AC  
OYO Townhouse 600 Gangothri,5.7,Near RP Road BUS STOP,Hyderabad,4.4,3179,1300, Private entrance  Parking facility  Reception  
OYO Flagship 80468 Hotel R Square,4.9,Dilsukhnagar,Hyderabad,3.2,26,1025, Geyser  Power backup  AC  
OYO 88350 Hanuma Residency,6.9,Behind OZONE Hospital,Hyderabad,3.9,1042,798, Hair Dryer  Parking facility  Reception  
Collection O 9386 Hotel Happy Stay,6.9,"Near ICICI Bank, Begumpet",Hyderabad,3.8,1711,1136, AC  TV 
OYO 40869 White Ridge,7.1,"Near Sanjeevini Hospital, Kothapet road",Hyderabad,4.2,1815,856, Reception  Free Wi-Fi  Power backup  
OYO Home 79924 Pramod Prime Homes,8.1,Nagole,Hyderabad,4.3,1503,1215, Free Wi-Fi  TV  AC 
SPOT ON 81775 Mohit Gokul Lodge New Room's,5.9,Near To Secunderbad East Metro Rail Station,Hyderabad,3.5,657,901, Parking facility  Reception  Free Wi-Fi  
OYO Townhouse 862 Che Sigma,9,Malkajgiri,Hyderabad,4.2,2685,1507, Parking facility  Reception  Ticket tour assistance  
OYO Flagship 805239 Qualia Hotel Dilsukhnagar,4.5,dilshuknagar,Hyderabad,4.1,19,1154, Elevator  Geyser  Power backup  
Flagship 76687 Ramoji Kothapet,5.8,Kothapet,Hyderabad,4,2232,1257, Private entrance  Reception  Free Wi-Fi  
OYO 11316 Athithi Inn,6.8,"Near Maithrivanam Complex, Ameerpet",Hyderabad,3.7,2571,1310, Parking facility  Free Wi-Fi  Power backup  
SPOT ON 70822 Pnd Complex,7.9,R c i Rd,Hyderabad,3.8,617,889, Hair Dryer  Reception  Daily housekeeping  
OYO 86305 Hotel Aroma Classic,1.6,15-1-309 Feelkhana Near Acharaya Bhavan Baba Ramdav Mandir Bagum Bazar Hyderabad,Hyderabad,4,530,1418, Reception  Public washroom  Free Wi-Fi  
Capital O 897 Hotel Surabhi Elite,6.8,Kothapet,Hyderabad,4,1081,1660, Free Wi-Fi  AC  TV  
Collection O 7601 Hotel Park Heights Banjara Hills,6.6,Banjara Hills,Hyderabad,3.7,742,1198, Parking facility  Free Wi-Fi  Power backup  
OYO 701448 Heavens Inn,6.5,Secunderabad Mandal,Hyderabad,3.6,237,967, Reception  Free Wi-Fi  Geyser  
OYO Flagship 2635 Hotel Balaji Residency,1.7,"Near TVS Showroom, Himayatnagar",Hyderabad,3.7,13,1749, Parking facility  Elevator  Free Wi-Fi  
Flagship 14224 Happy Guest House,7.3,"Near Star Super Market, Banjara Hills",Hyderabad,3.9,698,1170, Free Wi-Fi  AC  AC  
Collection O 42514 Banjara Hills,7.1,"Near Aasha hospital, Venkat Nagar",Hyderabad,4.3,1743,1827, Parking facility  Reception  Free Wi-Fi  
Flagship 75583 Thatipally Mansion,6.8,Kothapet.,Hyderabad,4,2322,1485, Reception  Free Wi-Fi  Power backup  
OYOFlagship 80467H Hotel R Square ,7.6,LB NAGAR,Hyderabad,3.7,20,1125, Geyser  Power backup  AC  
OYO 1108 Hotel Saraswathi Residency,8.4,"Near Nalanda School, S.R. Nagar",Hyderabad,4.2,366,1866, Elevator  Free Wi-Fi  Geyser  
OYO Flagship 600 Hotel Skyhy,1.5,"Near Old MLA Quarters, Himayathnagar",Hyderabad,3.2,207,1749, Parking facility  Free Wi-Fi  Power backup  
OYO SilverKey 81097 Silverkey Halcyon Magnus,9.2,Sanath Nagar,Hyderabad,3.8,5237,2076, AC  TV  Queen Sized Bed  
Collection O 80304 Hotel Pnr Banjara Hills,6.4,Guru Bramaha,Hyderabad,3.7,786,1721, Parking facility  Elevator  Free Wi-Fi  
OYO Townhouse 1118 S R Nagar,8.3,Khairatabad Mandal,Hyderabad,3.4,457,1482, Parking facility  Reception  Free Wi-Fi  
Townhouse OAK Sri Simran Park Hotel,6,"Near Railway station, Secunderabad",Hyderabad,3.4,606,1510, Parking facility  Free Wi-Fi  Power backup  
Flagship 983 Hotel Surya Residency,7.5,"Near SR Nagar Police Station, Ameerpet",Hyderabad,4.1,312,1727, Parking facility  Elevator  Free Wi-Fi  
SPOT ON 41554 Hotel Sri Thirumala Paradise,2.8,Sevashrama,Bangalore,4.6,3632,559, Free Wi-Fi  CCTV cameras  Power backup  
SPOT ON 65593 Yatra Inn,2,Lalbagh,Bangalore,4.6,2717,829, Reception  Free Wi-Fi  CCTV cameras  
Capital O 36457 Boulevard Madiwala,5.5,B t m Layout,Bangalore,4.3,2216,1063, Private entrance  Reception  Free Wi-Fi  
Flagship 14397 Varcity Phi Pavilion,6.1,B t m Layout,Bangalore,4.3,4067,921, Living Room  Washing Machine  Balcony  
Capital O 62949 Regal Suites,4.8,"Centrally Located, Near Sagar Hospital, Hombegowda Nagar",Bangalore,4,1125,711, Hair Dryer  Parking facility  Reception  
OYO Townhouse 180 Jayanagar,4.8,"Near Sagar Hospital, Tilak Nagar",Bangalore,4.5,3187,1520, Free Wi-Fi  AC  TV 
OYO 15358 Hotel Townhall,1.6,"Near Dhanlakshmi Bank, JC Road",Bangalore,4.1,1259,693, Elevator  Parking facility  Free Wi-Fi  
Capital O 23461 Champion Lotus,5.4,"Near IIFT, Vijayanagar",Bangalore,4.3,1284,898, Reception  Power backup  Security  
OYO 9605 Hotel Golden Inn,2,"Centrally Located, Near HKP Road, Shivaji Nagar",Bangalore,3.7,1547,827, Doctor on call  Hair Dryer  Reception  
OYO 11915 Varcity Park,5.5,"Near SV Hospitals, Madiwala",Bangalore,4.1,2482,896, Doctor on call  Reception  Ticket tour assistance  
OYO 87278 Royal Grand Residency,2.5,Bangalore Karnataka,Bangalore,3.6,470,692, AC  TV  Queen Sized Bed  
SPOT ON 48822 Balaji Residency,6.9,L N Colony,Bangalore,3.6,613,449, AC  TV  AC  
Capital O 14203 Chetana Inn,9,"Centrally Located, Near Shanti Niketan School, Kodigehalli",Bangalore,4.3,1415,900, Reception  Free Wi-Fi  Power backup  
OYO Townhouse 364 Richmond Road,1,"Near Baldwin Women College, Richmond Town, Bengaluru",Bangalore,4.2,1673,1829, Reception  Free Wi-Fi  Power backup  
Capital O 70156 Victorian Comforts,2.4,"Near Adams Creation, Victoria Layout",Bangalore,4,1312,1435, Parking facility  Free Wi-Fi  Power backup  
Flagship 18338 White Fort,2.6,"Dispensary Rd, Kalasipalya,Bangalore",Bangalore,3.9,1235,695, Free Wi-Fi  Power backup  Card payment  
OYO 12761 High Street,1.8,Near Kalyan silks commercial street,Bangalore,4.4,543,1362, Parking facility  Reception  Free Wi-Fi  
OYO Townhouse 273 Hosur Main Road Bommanahalli,8.4,"Near krishna Theature Bommanahalli, Hosur main road",Bangalore,4.5,1916,1322, Parking facility  Elevator  Free Wi-Fi  
OYO 9251 Nar Comforts,2.1,"NAR Comforts,13, G.K temple street, opp. Vijayalaxmi theater, Chickpet",Bangalore,3.9,1559,962, AC  TV 
Capital O 68975 The Blueberry's,4.2,7th Block,Bangalore,3.7,820,913, TV  Parking facility  Reception  
SPOT ON 80165 S3 Comforts,8.1,Diagonally Opp Sri Krishna Nandagokula Hotel,Bangalore,3.7,280,571, Hair Dryer  Parking facility  Free Wi-Fi  
Flagship 11640 Hotel Aaira Inn,6.7,"Near Uttam Sagar, Banaswadi main road",Bangalore,4.2,1227,948, Private entrance  Reception  Free Wi-Fi  
Capital O 36457 Boulevard Madiwala,5.5,B t m Layout,Bangalore,4.3,2216,1063, Reception  Free Wi-Fi  Power backup  
OYO 10522 Varcity Emerald,6.2,"Near KEB Colony, BTM Layout 1",Bangalore,3.7,1847,733, Free Wi-Fi  Geyser  Power backup  
OYO 10293 Rajmahal Comforts,7.9,"Near Maha Bazar, New Bel Road",Bangalore,3.2,457,676, Parking facility  Reception  Free Wi-Fi  
OYO Townhouse 273 Hosur Main Road Bommanahalli,8.4,"Near krishna Theature Bommanahalli, Hosur main road",Bangalore,4.5,1916,1322, Hair Dryer  Parking facility  Reception  
Capital O 62949 Regal Suites,4.8,"Centrally Located, Near Sagar Hospital, Hombegowda Nagar",Bangalore,4,1125,711, Free Wi-Fi  Geyser  CCTV cameras  
Flagship 700311 S M Residency,8.1,Nagarbhavi,Bangalore,3,138,593, Reception  Free Wi-Fi  Power backup  
SPOT ON 71449 Ssr Lodging And Boarding,2.1,"Near Jumma masjid, Shivaji Nagar",Bangalore,3.5,274,573, Reception  Free Wi-Fi  Card payment  
OYO 37297 N R Deluxe,8.2,Near Prashant Hospital,Bangalore,3.3,119,687, Parking facility  Reception  Free Wi-Fi  
OYO 62942 The Royal International Hotel,8.8,"Near Robert Bosch Company, Mangammanapalya",Bangalore,4.2,367,839, Parking facility  Private entrance  Reception  
Collection O BLR2460 Sln Suites,7.2,"Behind Baptist Hospital, Hebbal",Bangalore,3.5,261,550, Doctor on call  Reception  Ticket tour assistance  
OYO 87278 Royal Grand Residency,2.5,Bangalore Karnataka,Bangalore,3.6,470,692, Parking facility  Free Wi-Fi  Power backup  
Capital O 73831 N R Comforts,5.1,Koramangala,Bangalore,3.6,165,846, Parking facility  Free Wi-Fi  Power backup  
Flagship 18338 White Fort,2.6,"Dispensary Rd, Kalasipalya,Bangalore",Bangalore,3.9,1235,695, Parking facility  Reception  Caretaker  
OYO 91325 Nr Royal,7.1,"Sector 6, HSR Layout Ward, Bommanahalli Zone, Bengaluru South Urban, Karnataka",Bangalore,3.3,190,576, Hair Dryer  Free Wi-Fi  AC  
OYO 71720 Hotel Fiesta Grand,3.4,"Near Mariyappa Road, Jayanagar Ward",Bangalore,3.4,287,692, Free Wi-Fi  AC  TV 
OYO Townhouse 180 Jayanagar,4.8,"Near Sagar Hospital, Tilak Nagar",Bangalore,4.5,3187,1520, AC  TV 
Capital O 68975 The Blueberry's,4.2,7th Block,Bangalore,3.7,820,913, Parking facility  Reception  Free Wi-Fi  
OYO 23032 New Hotel Mayur Paradise,7.1,Near Shamaro Vittal Co-Operative Bank,Bangalore,3.5,118,550, Doctor on call  Parking facility  Reception  
Capital O 82296 Safari  Rooms,6,India Bangalore KarnatakaIndia,Bangalore,3.6,86,687, Parking facility  Elevator  Free Wi-Fi  
OYO 9251 Nar Comforts,2.1,"NAR Comforts,13, G.K temple street, opp. Vijayalaxmi theater, Chickpet",Bangalore,3.9,1559,962, Elevator  Free Wi-Fi  Geyser  
Capital O 12543 3 Square,8,"Next to Cafe Coffee Day, HBR Layout",Bangalore,4,1293,983, Elevator  Free Wi-Fi  Geyser  
OYO 15695 Varcity Comforts,5.6,B t m Layout,Bangalore,3.9,1463,936, Hair Dryer  Reception  Free Wi-Fi  
OYO BLR2467 Urban Inn,6.9,Near Mosque And Above Canara Bank,Bangalore,4.4,1144,1319, Reception  Free Wi-Fi  Power backup  
OYO 76339 Sai Orchid ,7.5,West Zone,Bangalore,3.4,88,546, Elevator  Free Wi-Fi  Geyser  
OYO Flagship 15776 V R Residency,8,"Centrally Located, Near 4th block, HBR Layout",Bangalore,2.7,122,621, Parking facility  Reception  Free Wi-Fi  
Collection O 77217 Amazing Inn,4.6,Bhuvanappa Layout,Bangalore,3.8,734,1188, Reception  Free Wi-Fi  Security  
Capital O 700595 Elite Stay Jp Nagar,7.8,6th Phase,Bangalore,3.1,521,930, Elevator  Free Wi-Fi  Power backup  
OYO Townhouse 82047 Srk Live Inn Castle,4.5,Bangalore Urban,Bangalore,3.8,962,1308, Doctor on call  Hair Dryer  Parking facility  
Flagship 81248 Blooms Residency,8,Bangalore East,Bangalore,4.3,942,879, Parking facility  Free Wi-Fi  CCTV cameras  
OYO Home 78310 Crystal Inn,7.9,Bilekahalli,Bangalore,3.9,1131,699, Elevator  Free Wi-Fi  Geyser  
Collection O 701280 Unique Sharavanys,9.9,Bda Layout Btm 4th Stage,Bangalore,3.4,26,550, Parking facility  Free Wi-Fi  Power backup  
Collection O 26188 Domus Regency,8,"Near Swastha Restaurant, Vijay Nagar",Bangalore,5,23,1257, AC  TV  Mini Fridge  
OYO 852 Kings 10,6,"Centrally Located, Near, HMT Layout Bus Stop, R.T.Nagar",Bangalore,4.2,493,1320, Reception  Caretaker  Bedside Table / Desk  
OYO 79381 Dm Residency,9.2,Rajarajeshwari Nagar Zone,Bangalore,3.6,205,562, Free Wi-Fi  Power backup  CCTV cameras  
Capital O 75993 Hotel Shanti Nivas,8.3,"Near Yeshwanthpur , Sri Raghavendra Layout",Bangalore,4.3,1149,905, TV 
SPOT ON 73621 Srinivasa Boarding And Lodging,8.5,"Near N R Colony, Sajjepalya",Bangalore,3.3,321,608, Free Wi-Fi  Power backup  Security  
Townhouse OAK Hotel Prime,8.2,"Near Karnataka Bank, Babusapalya Main Road",Bangalore,4.5,1189,1677, Reception  Free Wi-Fi  Power backup  
OYO 62331 Gn Collection O,6.3,"Centrally Located, Near A D Halli Park, Housing Board",Bangalore,3.9,685,934, Free Wi-Fi  TV  TV  
Capital O 432 Hotel Victoria Heights,2.1,"Near St.Philomena's Hospital, Xavier Layout",Bangalore,3.9,915,1165, Parking facility  Doctor on call  Reception  
SPOT ON 80454 Janapriya Lodge,7,Bangalore Urban,Bangalore,3.7,435,774, Hair Dryer  Reception  Free Wi-Fi  
OYO 80376 Santa Maria,6.8,Jeevan Bhima Nagar,Bangalore,3.8,680,965, Parking facility  Reception  Free Wi-Fi  
Capital O 46356 White Mg,2.6,"Near INOX Lido Mall, Ulsoor",Bangalore,4.5,92,3604, Parking facility  Reception  Free Wi-Fi  
Collection O 2318 Hotel Palm Emirates,4.8,Tavarekere Main Rd,Bangalore,3.9,858,956, Parking facility  Reception  Free Wi-Fi  
Townhouse OAK Clove Boutique Hotel Rajaji Nagar,4,"4th Block, Rajaji Nagar",Bangalore,4.6,1390,2492, Parking facility  Private entrance  Elevator  
OYO Home 81332 Shiva Shakthi Inn,7.8,J P Nagar,Bangalore,3.9,1436,699, Parking facility  Reception  Free Wi-Fi  
Collection O 31939 CTC Gardenia Residency,2,India - ,Bangalore,5,90,1658, Parking facility  Reception  Free Wi-Fi  
OYO 9605 Hotel Golden Inn,2,"Centrally Located, Near HKP Road, Shivaji Nagar",Bangalore,3.7,1547,827, Parking facility  Elevator  Free Wi-Fi  
Capital O 87938 Royal Manyata,9.4,Gate Number 4,Bangalore,4.2,773,673, Reception  Ticket tour assistance  Designated smoking area  
Flagship 92604 Sp Residency,6.7,Btm 2nd Stage,Bangalore,2,87,685, Free Wi-Fi  TV  AC 
Capital O 700590 King Suites -hennur,8.4,East Zone,Bangalore,4.1,92,1030, Parking facility  Private entrance  Reception  
Capital O 5683 Ss Suites,8.3,Above Vishal Mega mart,Bangalore,4.2,1706,1265, AC  TV 
OYO Townhouse 500 Cbm Residency,8.5,H s r Layout,Bangalore,4.4,1122,2164, Elevator  Free Wi-Fi  Geyser  
 OYO Townhouse 149 Siri Residency,9.5,Bhuvaneswari Nagar,Bangalore,4.2,458,1003, Free Wi-Fi  Power backup  Card payment  
Flagship 13933 Varcity Pearl,5.4,"Near Forum Mall, Koramangala",Bangalore,3.9,3691,1081, Free Wi-Fi  Power backup  Security  
Capital O 70991 Prime Square,7.6,"Centrally Located, Near Kalyan Nagar Bus Stand, 1st stage",Bangalore,4,754,1795, Doctor on call  Private entrance  Reception  
Townhouse OAK SRK White Inn,5.9,Koramangala,Bangalore,3.7,1622,1627, Parking facility  Reception  Free Wi-Fi  
OYO 72404 Naidu Palace,5.2,"Near Dhobi Ghat junction, Rajajinagar",Bangalore,4,606,1172, Cot  Power backup  Bedside Table / Desk  
Collection O 27065 Eden Au Lac,5,"Near Indiranagar Police Station, Indiranagar",Bangalore,4.2,1363,1470, Parking facility  Reception  Free Wi-Fi  
OYO 10527 Corner Golf View,5.6,Domlur,Bangalore,3.3,576,925, Reception  Power backup  Refrigerator  
OYO 87519 Nra Residency,9.1,Rajarajeshwari Nagar,Bangalore,3.5,346,1014, Parking facility  Reception  Free Wi-Fi  
Townhouse OAK Grand Regency,5.3,"Near Varrier Bakery, Rajaji Nagar",Bangalore,4.5,9,2396, Parking facility  Cot  Free Wi-Fi  
Capital O 88646 Sri Sapthagiri Comforts,7.5,India,Bangalore,3.5,136,687, Doctor on call  Parking facility  Reception  
OYO 13121 Sai Kuteer,8.2,"Near MG school, Bilekahalli ",Bangalore,3.5,158,641, Private entrance  Reception  Power backup  
OYO 3664 Hotel Shivaals Residency,5.1,Rajajinagar,Bangalore,3.8,207,891, Elevator  Free Wi-Fi  Geyser  
Collection O 62387 Emara Grand Hotel,7.9,H s r Layout,Bangalore,4,38,1986, Elevator  Free Wi-Fi  Geyser  
OYO Flagship 702689 Hotel Gurudev Residency,2.7,India,Bangalore,3.3,134,906, Reception  Power backup  24/7 check-in  
OYO Flagship 14799 NR Residency,7.2,"Near Teacher's colony Park, Jakkasandra",Bangalore,3.3,269,814, Parking facility  Reception  Free Wi-Fi  
Capital O 67657 Gn Suites,7.4,"Near Sub Registrar Office, Banaswadi",Bangalore,3.6,866,845, Parking facility  Reception  Free Wi-Fi  
OYO Townhouse 038 Banaswadi 100Ft Road,8.1,Bangalore,Bangalore,3.6,846,1605, Elevator  Geyser  Power backup  
Collection O 75506 Hotel Palmtree,3.9,"Near Halasuru Metro Station, Ulsoor",Bangalore,4.2,1315,1868, Elevator  Free Wi-Fi  Geyser  
OYO Flagship 804645 Haven Comforts,7.3,Yeswantpur near Railway station,Bangalore,4,55,772, Elevator  Geyser  Power backup  
OYO 10821 Sree Balaji Residency,5.7,"Agrahara Dasarahalli, Rajaji Nagar",Bangalore,3.7,227,752, Hair Dryer  Free Wi-Fi  Power backup  
OYO Flagship 703240 Pride Inn,8.7,14 cross Hosur Main road,Bangalore,2.9,125,626, Parking facility  Elevator  Free Wi-Fi  
OYO 10476 Shree Mookambika Guest House,3.9,Kormangla,Bangalore,4.2,375,1136, Parking facility  Elevator  Free Wi-Fi  
Flagship 92766 Hotel Metro Inn,8,Amalodbhavi Nagar,Bangalore,3.8,604,921, Reception  Free Wi-Fi  Power backup  
OYO Townhouse 364 Richmond Road,1,"Near Baldwin Women College, Richmond Town, Bengaluru",Bangalore,4.2,1673,1829, Parking facility  Free Wi-Fi  Power backup  
Capital O 14273 Inn@silicon Valley,6.8,"Service Road, Koramangala, Bengaluru",Bangalore,3.9,829,1464, Parking facility  Free Wi-Fi  Power backup  
OYO Townhouse 093 Ramamurthy Nagar,8.6,"Near Ramamurthy Nagar Signal,Karnataka",Bangalore,4.1,946,1370, Parking facility  Reception  Free Wi-Fi  
OYO 29389 Delhi Empire,4.6,Near New Delhi Railway Station,Delhi,3.8,812,501, Reception  Free Wi-Fi  Power backup  
Collection O 77161 Shalimar Bagh,7.5,Shalimar Village,Delhi,4,2749,698, Free Wi-Fi  AC  TV 
OYO 15515 Hotel Landmark Inn,5.1,Near Karol Bagh Metro Station,Delhi,4.7,4278,1319, Hair Dryer  Free Wi-Fi  Power backup  
OYO 70893 Kl Khari Inn,6.7,"Near Ashok Park Main, Rampura Marg",Delhi,4,1419,562, Parking facility  Reception  Daily housekeeping  
OYO 91776 Hotel Kl Khari Inn,8.6,North West Delhi,Delhi,4.4,727,509, Reception  Free Wi-Fi  Power backup  
Flagship 76704 The Mayur Hotel,6.6,Tri Nagar,Delhi,3.8,1288,505, Reception  Free Wi-Fi  Power backup  
Collection O 79953 Rose Inn,9.4,Bhalaswa,Delhi,4.3,210,501, AC  TV 
OYO Townhouse 1130 262 Kailash Enclave,9,Harsh Vihar,Delhi,2.3,246,598, Elevator  Free Wi-Fi  Geyser  
OYO 84491 Blue Diamond,6.6,"Opp. Metro Pillar No. 102, Near Sai Baba Mandir, Adarsh Nagar",Delhi,3.9,504,497, Hair Dryer  Reception  Ticket tour assistance  
OYO Townhouse 610 Derawal Nagar,3.4,"Near Vinayak Hoptiat, Gujranwala Town",Delhi,5,2811,2550, Private entrance  Reception  Free Wi-Fi  
OYO 49587 Hotel Sai,5.5,"A Block - 19, Azadpur, New Delhi 110033",Delhi,3.9,391,501, Reception  Power backup  Refrigerator  
OYO 91580 The Chill Palace,8.2,North West Delhi,Delhi,4.4,615,641, Reception  Free Wi-Fi  Security  
OYO Flagship 703376 Mk Residency,4.7,Wazirabad Extension near divine hospital Delhi India,Delhi,2.3,16,564, Elevator  Geyser  Power backup  
OYO Flagship 88508 Hotal Pleasant Inn,7.6,Indianull,Delhi,5,2,564, Free Wi-Fi  Geyser  CCTV cameras  
Flagship 701471 Hotel Br International,5.1,Paharganj,Delhi,2.4,267,798, Free Wi-Fi  Geyser  CCTV cameras  
OYO 5411 Hotel City Castle,5,"Near Karol Bagh, Nai Walan",Delhi,4.1,1926,1162, Elevator  Free Wi-Fi  Geyser  
OYO Flagship 703050 Hotel Look Like,1.6,Timar Paharganj ,Delhi,0,876,1199, Elevator  Geyser  Power backup  
Collection O 8479 Hotel Ambience,5.3,Near New Delhi Railway Station,Delhi,3.6,887,554, Parking facility  Free Wi-Fi  Power backup  
Capital O 81016 First Stay Rooms,5,India - 110055,Delhi,2.6,108,682, Reception  Ticket tour assistance  Daily housekeeping  
Flagship 80575 Kashish Residency,3.9,Ashok Vihar-3,Delhi,3.8,756,665, Private entrance  Reception  Power backup  
OYO 74945 Shri Sai Guest House,5.5,"Near Adarsh Nagar Metro, Azadpur",Delhi,3.6,408,692, Hair Dryer  Reception  Free Wi-Fi  
OYO 81119 Hotel Prince,8.6,Haiderpur Village,Delhi,4.2,334,577, Reception  Ticket tour assistance  Caretaker  
Flagship 76903 Rs Hotels,9,Shiva Market,Delhi,3.7,307,697, Private entrance  Reception  Free Wi-Fi  
OYO 81393 Hotel C international,5.1,shora kothi basant road paharganj,Delhi,3.6,781,1663, Hair Dryer  Reception  Free Wi-Fi  
OYO 82718 Hotel Stay House,5,Delhi,Delhi,3.2,317,687, Parking facility  Elevator  Daily housekeeping  
OYO 84491 Blue Diamond,6.6,"Opp. Metro Pillar No. 102, Near Sai Baba Mandir, Adarsh Nagar",Delhi,3.9,504,497, Hair Dryer  Reception  Ticket tour assistance  
Capital O 7845 Hotel Orchid Garden,4.7,Near Sarai Rohilla Station,Delhi,3.2,54,562, Elevator  Free Wi-Fi  Geyser  
Collection O 83831 Golden Key,9.8,Near Rajdhani College,Delhi,3.8,1085,692, Reception  Ticket tour assistance  Caretaker  
Flagship 80575 Kashish Residency,3.9,Ashok Vihar-3,Delhi,3.8,756,665, Private entrance  Reception  Power backup  
OYO 92111 Helooeesh Rooms,9.9,Mandoli Extension,Delhi,2.6,51,621, Free Wi-Fi  Geyser  CCTV cameras  
OYO 87205 Hotel Sapan Plaza,4.5,Pahar Ganj,Delhi,3.9,327,999, Reception  Ticket tour assistance  Free Wi-Fi  
SPOT ON 702129 Hotel Thanks,8.3,110092,Delhi,2.9,38,446, Free Wi-Fi  Geyser  CCTV cameras  
OYO 91580 The Chill Palace,8.2,North West Delhi,Delhi,4.4,615,641, Reception  Free Wi-Fi  Security  
Capital O 91609 Hotel Sunberry,8.7,Delhi,Delhi,3.2,128,497, Parking facility  Reception  Free Wi-Fi  
OYO Flagship 13277 Hotel International Neelam suites,4.5,Near New Delhi Railway Station,Delhi,2.9,258,1199, Elevator  Free Wi-Fi  Geyser  
OYO 74753 Sushma Ssadan,3.7,Sawan Park Ashok Vihar Phase 3 Model Town Tehsil,Delhi,3.7,697,1007, Parking facility  Reception  Free Wi-Fi  
OYO Townhouse 610 Derawal Nagar,3.4,"Near Vinayak Hoptiat, Gujranwala Town",Delhi,5,2811,2550, Private entrance  Reception  Free Wi-Fi  
OYO 35981 Rohit Dx,4.5,Ram Nagar,Delhi,4,275,1237, Reception  Free Wi-Fi  Refrigerator  
OYO 2984 Hotel Sun City,5.7,"Near Karol Bagh, Channa Market",Delhi,3.6,1072,999, Free Wi-Fi  Power backup  Card payment  
OYO 84536 Royal King,7.9,Burari,Delhi,1.9,113,501, Hair Dryer  Parking facility  Reception  
OYO 92946 Wisteria Residency,8.3,"Vijay block near metro pillar 50 , Laxmi Nagar East Delhi ",Delhi,3.2,91,497, Reception  Ticket tour assistance  Public washroom  
OYO 90025 Pari Residency,9.9,New Delhi,Delhi,3.7,111,682, AC  AC  TV  
OYO 14687 Hotel Avtar,4.7,Near New Delhi Railway Station,Delhi,3.7,24,1199, Power backup  Bedside Table / Desk  Full Sized Bed  
OYO Flagship 703629 M Stays,8.2,Block D,Delhi,3.5,32,526, Geyser  Power backup  AC  
OYO Flagship 702265 Shelly Home Stay,9.8,West Punjabi Bagh,Delhi,2.1,29,513, Free Wi-Fi  Geyser  CCTV cameras  
OYO Flagship 7844 Hotel KNK,5.4,"Near Karol Bagh, WEA",Delhi,2.2,48,550, Doctor on call  Public washroom  Designated smoking area  
Capital O 10938 Season Grand,8.5,Near Pitampura metro station,Delhi,3.4,633,934, Private entrance  Parking facility  Reception  
OYO Flagship 703124 Hotel The Royal,8,Laxmi Nagar 110092,Delhi,1.8,39,501, Geyser  Power backup  AC  
OYO 74530 Shyam Guest House,4.9,"Near RK Ashram Marg Metro Station, Dariba Pan",Delhi,4,1,609, Reception  Free Wi-Fi  Power backup  
OYO Flagship 701855 Hotel Nirman,8.3,Haiderpur,Delhi,2.5,23,501, Free Wi-Fi  Geyser  CCTV cameras  
OYO 44400 Retreat Inn,9.8,"Near Block D, Pandav Nagar",Delhi,2.7,64,626, Reception  Free Wi-Fi  Power backup  
OYO Flagship 62176 Delight Stay,7.9,"Centrally Located, Near Nirman Vihar, Guru Angad Nagar West",Delhi,3.9,109,687, Private entrance  Free Wi-Fi  Power backup  
OYO 86633 Hotel Sp,4.6,New Delhi,Delhi,3.4,176,626, Elevator  Free Wi-Fi  Geyser  
OYO 62660 Hotel Park View,6.7,"Near Adarsh nagar, Matmy Memar",Delhi,3.6,1423,850, Hair Dryer  Reception  Power backup  
OYO 86673 Shoolin Residency,8.7,Near M2k Cinema,Delhi,4,310,692, Reception  Free Wi-Fi  Caretaker  
OYO 5434 Hotel Delhi Delight,4.5,Near Sarai Rohilla Railway Station,Delhi,3.4,573,999, Free Wi-Fi  Geyser  Power backup  
OYO 5411 Hotel City Castle,5,"Near Karol Bagh, Nai Walan",Delhi,4.1,1926,1162, Elevator  Free Wi-Fi  Geyser  
SPOT ON 40016 Hotel Vandana,4.6,Near New Delhi Railway Station,Delhi,3.9,694,1296, AC  Parking facility  Free Wi-Fi  
Flagship 46624 Hotel Western,5.7,"Near Karol Bagh, Channa Market",Delhi,2.7,101,621, Reception  Free Wi-Fi  Power backup  
OYO 90747 Dream Palace,8.4,Laxmi Nagar,Delhi,3.2,248,978, Reception  Power backup  24/7 check-in  
OYO Flagship 703050 Hotel Look Like,1.6,Timar Paharganj ,Delhi,0,876,1199, Elevator  Geyser  Power backup  
OYO Townhouse 774 Hotel Toravio,5.1,Karol Bagh Tehsil,Delhi,3.7,42,673, Reception  Public washroom  Caretaker  
Townhouse 750 Billa's Jyot,5.1,Near RK Ashram Metro Station,Delhi,3.6,505,758, Doctor on call  Reception  Ticket tour assistance  
OYO 87292 Exotic Stay Gangaram Hospital,5,New Delhi,Delhi,4.2,17,550, AC  AC  TV  
Flagship 60410 Ashoka,4.6,Near New Delhi Railway Station,Delhi,3.5,643,1199, Elevator  Geyser  Power backup  
OYO Flagship 703376 Mk Residency,4.7,Wazirabad Extension near divine hospital Delhi India,Delhi,2.3,16,564, Elevator  Geyser  AC  
OYO 703287 Neelam Hotels,4.5,Arya Nagar,Delhi,0,876,626, Free Wi-Fi  Geyser  CCTV cameras  
Flagship 701115 King Stay,8.6,Block N,Delhi,3.1,138,612, Geyser  Power backup  AC  
OYO Flagship 703893 Sr Residency,9.7,Block B,Delhi,3.8,30,626, Parking facility  Reception  Free Wi-Fi  
OYO Townhouse 381 Dilshad Garden,9.9,Pocket E,Delhi,3.5,3500,1114, Private entrance  Reception  Power backup  
OYO 46761 Hotel Royal King Deluxe,7.9,"Near Hariram Sweets, Burari village, Takia Chowk",Delhi,3.9,110,763, Free Wi-Fi  CCTV cameras  AC  
OYO Townhouse 118 Gagan Vihar,8.6,"Near rg stone hospital , Hargobind Enclave",Delhi,3.6,4333,1442, Geyser  AC  Power backup  
OYO Flagship 804788 Kd Rooms,4.2,delhi,Delhi,2.3,16,626, Doctor on call  Ticket tour assistance  Reception  
OYO Townhouse 778 Hotel Sehej Inn,4.7,New Delhi,Delhi,3.6,7,748, Private entrance  Reception  Free Wi-Fi  
Townhouse 939 Hotel Gagan Inn,7.1,"Near metro station, patel nagar",Delhi,2.4,166,1658, Reception  Ticket tour assistance  Caretaker  
OYO Flagsip81100 Hotel Vintage Inn,5,New Delhi,Delhi,3.5,399,1199, Parking facility  Reception  Free Wi-Fi  
Flagship 18618 Ocean Blue Residency,7.6, A-14 Pridarshni Vihar Laxminagar,Delhi,2.5,413,1241, Doctor on call  Hair Dryer  Reception  
OYO 80289 Hotel Neha Inn,4.5,Paharganj,Delhi,3.7,57,1199, Free Wi-Fi  Geyser  Power backup  
SPOT ON 82420 Hotel Anchal Dx Paharganj,4.9,New Delhi,Delhi,3.9,1175,999, Geyser  Power backup  AC  
OYO Flagship 805334 Kashvi Palace,3.7,1 st pusta near walia public shool Usmaanpur,Delhi,2.9,20,882, Elevator  Free Wi-Fi  Geyser  
OYO Townhouse 1130 262 Kailash Enclave,9,Harsh Vihar,Delhi,2.3,246,598, Elevator  Geyser  Power backup  
OYO Flagship 703789 Hotel New Singh,6.4,Delhi ,Delhi,3.4,20,687, Reception  Free Wi-Fi  Bedside Table / Desk  
Flagship 42522 City Inn Dx,5.3,"Near RK ASHRAM, Basant Road Railway Colony",Delhi,2.9,203,999, Free Wi-Fi  AC  TV 
OYO Townhouse 57 Gujranwala Town,4,Tehsil,Delhi,3.7,3103,1640, Living Room  Washing Machine  Balcony  
OYO 1987 Hotel Emporio,4.7,"Near Shela Cinema, DB Gupta Road",Delhi,3.3,175,1500, Doctor on call  Reception  Free Wi-Fi  
OYO 82131 Sahani Guest House,4.6,Karol Bagh,Delhi,1,2,550, Reception  Geyser  Power backup  
OYO Flagship 81691 Royal Galaxy ,9.9,India - 110092,Delhi,3.6,49,687, Free Wi-Fi  Geyser  CCTV cameras  
Flagship 701471 Hotel Br International,5.1,Paharganj,Delhi,2.4,267,798, Free Wi-Fi  Geyser  Power backup  
OYO 5401 Hotel Mid Town,5.6,Near Karol bagh metro station,Delhi,3.6,260,1881, Free Wi-Fi  CCTV cameras  TV  
OYO Townhouse 281 Harsh Vihar.,8.7,"Near Pitampura metro , Harsh Vihar",Delhi,4.1,804,2795, Private entrance  Free Wi-Fi  Power backup  
Collection O 81379 Hotel Green Plaza,7.7,H.no.-A3 block A Jagat Puri Red light near SBI bank Jagat Puri East Delhi,Delhi,4.3,359,790, Geyser  Power backup  AC  
OYO Flagship 805144 Red Heart Inn,9.4,Nathupura,Delhi,0,876,564, AC  TV  Attached bathroom 
Collection O 81901 Model Town Metro View,2.8,Near Model Town Metro Station,Delhi,4.3,1231,1915, Geyser  Power backup  AC  
OYO Flagship 82642 Hotel Rohan Inn,4,Delhi,Delhi,3.1,183,1091, Reception  Free Wi-Fi  Power backup  
OYO 28237 Hotel Bramhaputra,5,"Centrally Located, Near New Delhi Railway Station",Delhi,3.9,572,1269, Elevator  Geyser  Power backup  
OYO Flagship 80595 Hotel D Palace,6,Shahdra,Delhi,0,876,564, Reception  Free Wi-Fi  Power backup  
OYO 67901 Hotel Yugh Dx,4.8,Near New Delhi Railway Station,Delhi,2.2,16,1199, Free Wi-Fi  Geyser  CCTV cameras  
OYO Flagship 88508 Hotal Pleasant Inn,7.6,Indianull,Delhi,5,2,564, Free Wi-Fi  Geyser  CCTV cameras  
SPOT ON 69054 Anchal Guest House,4.8,Near New Delhi Railway Station,Delhi,3.6,259,999, TV  TV 
OYO Flagship 703606 Shakti Residency,3.8,Delhi - 110053,Delhi,0,876,699, Geyser  Power backup  AC  
Flagship 701182 The Nest Inn,7.9,Near Raj Market,Kolkata,4.1,126,501, Free Wi-Fi  Geyser  CCTV cameras  
Collection O 5048 Church View,2,"Near Brand Factory, AJC Bose Road, Maula Ali",Kolkata,4.2,857,932, Free Wi-Fi  Geyser  Power backup  
Flagship 76255 Airport Comfort Stay,9.9,"Near Opposite To Hotel Moon Light, Bediapara",Kolkata,4.6,1904,706, Free Wi-Fi  Geyser  CCTV cameras  
OYO 36451 Pallyshree Guest House,8.9,"Jyangra Sani Mandir, Baguiati Jora Mandir Chinar Park VIP Road Raghunathpur International Airport",Kolkata,4.7,817,501, AC  TV 
SPOT ON 64196 Silver Green,9.8,"Mondal Ganthi Road, Kaikhali, VIP Road Kolkata 700052, West Bengal",Kolkata,4.7,3005,696, TV  Parking facility  Reception  
OYO Flagship 805126 Hotel New Aamaze Inn,7.6,near Vivanta hotel,Kolkata,3.9,20,618, Elevator  Geyser  Power backup  
Townhouse Oak Hotel Lake View Royal ,4.4,East Topsia Road,Kolkata,3.9,449,1132, Reception  Caretaker  Power backup  
OYO Townhouse 229 Hotel Mannat International,4.2,Near Bypass Connector,Kolkata,4.4,6116,1500, Hair Dryer  Reception  Free Wi-Fi  
OYO Flagship 93522 Kamalakanta Guest House,8.8,KOLKATA-700028,Kolkata,3.5,22,501, Elevator  Free Wi-Fi  Geyser  
OYO 48739 Fantasy Stay,5.9,"Near Sector 1, Bidhan Nagar",Kolkata,3.7,674,645, Private entrance  Reception  Free Wi-Fi  
OYO Townhouse 143 Hotel Royal Garden,3,"Near Jameson Inn, Park St",Kolkata,4.3,8182,1500, Reception  Free Wi-Fi  Power backup  
OYO 701502 Roomssolution,7.2,Sector 2,Kolkata,3.4,80,497, Free Wi-Fi  Geyser  CCTV cameras  
Flagship 81224 Hotel Eden,9,Rajarhat,Kolkata,3.7,318,546, Reception  Free Wi-Fi  Caretaker  
OYO 92265 Hotel Luxury Stay,6.3,"288/2, Block- B, Binoy Krishna Bhawan, Bangur Avenue, 700055",Kolkata,3,343,559, Reception  Caretaker  Bedside Table / Desk  
OYO 1764 Hotel Maruti Lodging,8.8,"Above Reliance Trends, Raghunathpur",Kolkata,4,358,501, Parking facility  Elevator  Free Wi-Fi  
Flagship 74334 Hotel Marina,2.7,"Near Ladies Park, Beniapukur",Kolkata,4.5,3370,1496, Reception  Free Wi-Fi  Power backup  
Flagship 74169 Mourigram Near Andul Rd,9.5,Howrah,Kolkata,4,6125,863, Reception  Free Wi-Fi  Daily housekeeping  
Flagship 701154 Dream Palace,6.3,"Near Acropolis Mall, Rene Tower, Garden High school Kasba",Kolkata,4.2,446,793, Elevator  Free Wi-Fi  Geyser  
Flagship 701132 Diamond Residency,6.9,Shantipally,Kolkata,3.5,145,497, Free Wi-Fi  Geyser  CCTV cameras  
Flagship 701196 Sonar Bangla Guest House,7.7,Near G s t Bhawan,Kolkata,4.5,343,778, Reception  Free Wi-Fi  CCTV cameras  
Collection O 74257 Gokul Residency Jessore Road,8.6,"Near Emami City, Nagerbazar, Dum Dum",Kolkata,4.5,6411,1339, Private entrance  Reception  Free Wi-Fi  
OYO 48739 Fantasy Stay,5.9,"Near Sector 1, Bidhan Nagar",Kolkata,3.7,674,645, Reception  Caretaker  Bedside Table / Desk  
OYO 92265 Hotel Luxury Stay,6.3,"288/2, Block- B, Binoy Krishna Bhawan, Bangur Avenue, 700055",Kolkata,3,343,559, Free Wi-Fi  Geyser  CCTV cameras  
OYO Flagship Monurama Homestay,9.4,Purba Diganta,Kolkata,2.9,30,497, Parking facility  Elevator  Electric Kettle  
OYO 11569 Jalan Lake View,3.9,"Near Beliaghata lake side club, Phool Bagan",Kolkata,3.5,563,808, Reception  Free Wi-Fi  Caretaker  
OYO 92742 Maa Santoshi Inn,9.2,"AI Block, Near Tank No 3, Newtown",Kolkata,2.6,41,497, Parking facility  Elevator  Free Wi-Fi  
OYO 1764 Hotel Maruti Lodging,8.8,"Above Reliance Trends, Raghunathpur",Kolkata,4,358,501, Free Wi-Fi  Geyser  CCTV cameras  
Flagship 701196 Sonar Bangla Guest House,7.7,Near G s t Bhawan,Kolkata,4.5,343,778, Reception  Free Wi-Fi  Caretaker  
OYO 701502 Roomssolution,7.2,Sector 2,Kolkata,3.4,80,497, TV  Queen Sized Bed 
Flagship 90948 Hotel Dream Residency,9.1,Jangra,Kolkata,3.8,70,497, Reception  Free Wi-Fi  Caretaker  
SPOT ON 27697 Trisha Guest House,8.6,"Behind New Life Nurshing Home, Oppssite Arati cinema, Sahabagan",Kolkata,4.3,1769,852, Private entrance  Reception  Free Wi-Fi  
OYO 89475 New Hotel City Of Joy,5.2,Saltlake Sector 1,Kolkata,4,510,680, Free Wi-Fi  Geyser  CCTV cameras  
Collection O 67194 Hotel Paradise ,9.7,Kolkata west Bengal Kolkata,Kolkata,4.5,944,941, Free Wi-Fi  Geyser  CCTV cameras  
Flagship 701182 The Nest Inn,7.9,Near Raj Market,Kolkata,4.1,126,501, Geyser  Power backup 
Flagship 701132 Diamond Residency,6.9,Shantipally,Kolkata,3.5,145,497, AC  TV 
SPOT ON 702888 Diya Guest House,8.3,Opposite Baguihati Smart Bazar,Kolkata,2.8,21,453, Reception  Power backup  24/7 check-in  
OYO Flagship 701787 Relax View Dumdum Park,6.6,Dum Dum Park,Kolkata,2.8,53,535, Free Wi-Fi  AC  Power backup  
OYO 61457 Pinnacle Auberge,9.8,Chinar Park Kolkata International Airport Beside Spencers Rajarhat Main Road,Kolkata,3.4,212,501, Elevator  Free Wi-Fi  Geyser  
 Townhouse OAK Kzar Corporate Hotel,1.6,Sealdah - Entally,Kolkata,4.5,878,2112, Elevator  Free Wi-Fi  Geyser  
OYO 14373 Comfort Stays,9.4,Rajarhat,Kolkata,4,165,497, Reception  Free Wi-Fi  Daily housekeeping  
OYO Flagship 701555 Pindara Guest House,9.8,Kolkata,Kolkata,3.7,131,551, Elevator  Free Wi-Fi  Geyser  
Flagship 74169 Mourigram Near Andul Rd,9.5,Howrah,Kolkata,4,6125,863, Elevator  Free Wi-Fi  Geyser  
Flagship 701567 Dark N Dreams,6.2,Near Dhan Math,Kolkata,3.7,62,508, Free Wi-Fi  Geyser  CCTV cameras  
Flagship 701154 Dream Palace,6.3,"Near Acropolis Mall, Rene Tower, Garden High school Kasba",Kolkata,4.2,446,793, AC  AC  Queen Sized Bed  
Flagship 701201 The Buddha Guest House,9.7,Near Vidyasagar Hospital,Kolkata,2.9,44,687, Reception  Free Wi-Fi  Caretaker  
Capital O 1481 Hotel Heritage,8.8,"Teghoria, VIP Road Raghunathpur Airport Haldiram",Kolkata,4.3,779,1122, Free Wi-Fi  AC  Attached Washroom  
Collection O 90950 The Eden,7.7,Ward 107,Kolkata,3.7,32,501, Geyser  Power backup  AC  
Flagship 78267 Flagship City Inn,8.4,Avisar Spencer Kalikapur,Kolkata,2.9,294,564, Elevator  Free Wi-Fi  Geyser  
OYO Flagship 805678 Golden Guest House,7.5,kolkata,Kolkata,0,876,702, AC  TV  Parking facility  
OYO Flagship 93522 Kamalakanta Guest House,8.8,KOLKATA-700028,Kolkata,3.5,22,501, Free Wi-Fi  Power backup  Card payment  
SPOT ON 75881 Sonar Bangla Lodge,3.1,"Near Howrah railway station, Howrah AC Market",Kolkata,3.3,795,1080, Free Wi-Fi  Geyser  Power backup  
OYO 15722 Hotel Padmavati,9.7,"Biswa Bangla Sarani Behind Binany Building, Chinar Park, Beside NPG Hotel, Nibedita Apartment  700157",Kolkata,4,390,631, Parking facility  Free Wi-Fi  24/7 check-in  
OYO 5718 Pratiksha Guest House,6.1,Bangur Avenue Block B Kolkata West Bengal India 700055,Kolkata,3.3,7,501, Reception  Free Wi-Fi  Caretaker  
Collection O 81878 Premium Hotel,9.1,"1/B/24, AL BLOCK, STREET NO.22,NEW TOWN, RAJARHAT, KOLKATA",Kolkata,4.6,614,1064, Reception  Free Wi-Fi  CCTV cameras  
Flagship 81224 Hotel Eden,9,Rajarhat,Kolkata,3.7,318,546, AC  TV 
Flagship 74641 Delightful Stay Em Byepass,5.7,Uttar Panchanna Gram,Kolkata,4,2024,1212, Parking facility  Private entrance  Reception  
OYO 74959 Sataksi Guest House,6.8,"CL 246, CL Block, Saltlake Sector 2 Near Sector 5 Metro Station",Kolkata,4.7,677,1578, Free Wi-Fi  Geyser  CCTV cameras  
Flagship 76629 Bimla Regency,8.8,"Police Station, Dum Dum",Kolkata,4,487,687, Parking facility  Reception  Free Wi-Fi  
Flagship 700631 Delight Room,4.6,Sector 1,Kolkata,2.2,9,853, Reception  Caretaker  Power backup  
OYO 88694 Hotel Valentine,6.8,Near Acropolis Mall,Kolkata,3.3,135,682, Free Wi-Fi  Geyser  CCTV cameras  
Townhouse Oak Hotel Lake View Royal ,4.4,East Topsia Road,Kolkata,3.9,449,1132, Free Wi-Fi  Geyser  Power backup  
OYO 90470 Senray Guest House,7.3,Rajarhat,Kolkata,3.4,32,621, Parking facility  Reception  Free Wi-Fi  
OYO 22566 Red Velvet Inn,9.7,"Near Chinar Park, Backside of NPG Hotel, Opposite Charnock Hospital",Kolkata,3.6,664,626, Elevator  Geyser  Power backup  
Flagship 92932 Tumpa Inn,6.5,Near Sector-v Metro Station,Kolkata,3.4,76,604, Reception  Caretaker  Power backup  
OYO Flagship 805126 Hotel New Aamaze Inn,7.6,near Vivanta hotel,Kolkata,3.9,20,618, Geyser  Power backup  AC  
Flagship 88172 Vip Inn Guest House,8.8,North 24 Parganas,Kolkata,3,213,614, Elevator  Electric Kettle  Free Wi-Fi  
OYO Flagship 702854 Metro Inn,6.9,Kolkata,Kolkata,3.4,21,606, Parking facility  Reception  Free Wi-Fi  
OYO 11530 Maa Tara Guest House,9.8,"Near R.N.Tagore Hospital, Nitainagar",Kolkata,3.1,250,626, Reception  Free Wi-Fi  Power backup  
OYO Flagship 30696 Pigeon Guest House,7.1,Kolkata,Kolkata,3.6,89,564, Free Wi-Fi  Geyser  CCTV cameras  
Collection O 74261 Saltlake Palace,6,4th avenue FF block Bhangar- II south 24 Parganas west Bengal India Kolkata west Bengal India 700091,Kolkata,4.4,207,1486, Free Wi-Fi  Geyser  AC  
Flagship 701317 Diamond Regency,7.4,Near Acropolis Mall,Kolkata,3.7,362,501, Parking facility  Geyser  Daily housekeeping  
OYO Flagship 701972 Shree Corporate,8.5,Sector V,Kolkata,4.1,93,691, Elevator  Free Wi-Fi  Geyser  
Collection O 85434 Hotel Fortune Stay,9.9,Chinar Park,Kolkata,4.2,183,687, Private entrance  Reception  Public washroom  
OYO 14778 G R Hospitality,7.6,"VIP Road Baguihati Kolkata Airport Near Ladies Hostel, Narayantala",Kolkata,4.2,869,890, Reception  Free Wi-Fi  Power backup  
OYO Townhouse 75779 The Royal Retreat,10,"Kolkata International Airport, Belghoria Express Way Noapara & Baranagar Metro Station",Kolkata,4.4,4135,1653, Geyser  Power backup  AC  
Flagship 37100 Apan Guest House,9.9,"Near Mukundapur  Bus Stop R.N Tagore Institute of Cardiac Sciences, Narayana Health",Kolkata,3.6,193,626, Free Wi-Fi  CCTV cameras  AC  
POP 702820 Dream Rooms,6.5,Kolkatanull,Kolkata,0,876,501, Free Wi-Fi  Geyser  CCTV cameras  
OYO Flagship 71381 Adri Hotels,8.4,"Near Sarojini Naidu College for Women, Golpark, Dumdum Kolkata",Kolkata,4.3,1348,1175, Free Wi-Fi  Geyser  CCTV cameras  
OYO Flagship 71945 Relief Inn,8.2,Near Oxfoard House School ,Kolkata,4,8,497, AC  TV  King Sized Bed  
OYO Flagship 701974 Hotel Dreamline,8.5,Near SBI E-Corner,Kolkata,2.4,8,501, Hair Dryer  Reception  Free Wi-Fi  
Capital O 85376 Kabita Guest House,9.8,Mukundapur Main Road Seven Maddox Square Multi cuisine Restaurant Kolkata EM Bye Pass Opposite Dr. Devi Shetty Hospital,Kolkata,4,700,702, Doctor on call  Reception  Power backup  
Flagship 75235 Hotel Red Rose,8.8,Dum Dum,Kolkata,3.9,95,623, Interconnected room  AC  TV  
OYO 702008 Avenue Inn,6,Kolkata,Kolkata,4.1,205,1104, Doctor on call  Reception  Free Wi-Fi  
Flagship 79536 Hotel Rockstar,3.5,Kolkata Opposite Bangladesh High Commission) Near A.J.C Bose Flyover,Kolkata,4.1,560,1262, Reception  Free Wi-Fi  Caretaker  
Townhouse OAK Shubhham Regency,6.2,Bidhannagar,Kolkata,4.6,1037,2562, AC  TV 
OYO 81663 Royal Regency,7.8,Rajdanga Main Road,Kolkata,4.5,1109,948, Elevator  Geyser  Power backup  
Flagship 74922 Penguin Homes,0.7,Beside Yogayog Bhavan,Kolkata,4.4,1093,1959, Free Wi-Fi  Geyser  CCTV cameras  
Collection O 805345 Avenue Regency,8.3,Tollygunge,Kolkata,0,876,947, Private entrance  Reception  Free Wi-Fi  
OYO Flagship 702286 P2 Guest House,7.2,India - . ,Kolkata,3.4,8,497, Parking facility  Free Wi-Fi  Power backup  
OYO 67427 Saga Guest House,5.9,Near Cf Block Swimmiming Pool,Kolkata,3.5,81,769, Geyser  Power backup  AC  
OYO Flagship 82200 Priyangshu Inn,8.9,Kolkata,Kolkata,2.3,7,618, Reception  Free Wi-Fi  Caretaker  
OYO Flagship 703924 Airport View,9.9,India,Kolkata,3.6,11,626, Reception  Free Wi-Fi  Caretaker  
Capital O 700752 Hotel Dak Plaza,9.4,"Near Axis Mall, CE Block, Newtown 700156",Kolkata,4,471,824, Parking facility  Free Wi-Fi  TV  
Capital O 700246 Hotel New All In One,6.6,"CK-69, CK Block, Saltlake, Sector 2, West Bengal, 700091",Kolkata,4.6,371,2205, Parking facility  Free Wi-Fi  Power backup  
OYO Townhouse 1050 Centre Point Inn,1.5,Beside K. C. Das Sweet Esplanade Post Office,Kolkata,4.3,1108,2759, Parking facility  Free Wi-Fi  Power backup  
OYO Flagship Trivedi Inn Near Ruby Hospital,6.8,Kasba,Kolkata,3.4,219,811, Hair Dryer  AC  TV  
OYO 65716 Ma Kali Guest House,5,"Near FD Block, Bidhannagar",Kolkata,3.5,198,1217, AC  Attached Washroom  TV  
Flagship 76077 Adri Hotels 2,8.2,Near ILS Hospitals Dum Dum Nagerbazar Opposite Bhutan House,Kolkata,4.4,1643,1099, Parking facility  Free Wi-Fi  Power backup  
Capital O 82197 Fortune Inn,6.8,Kasba,Kolkata,3.3,107,742, Parking facility  Free Wi-Fi  Power backup  
OYO 92262 Ankan Regency,7.5,"595, Rajdanga main road, Near KMDA office Kolkata, 700107",Kolkata,4.2,217,1103, Reception  Free Wi-Fi  Caretaker  
